Category,Product,URL
foundation-makeup,Too Faced Peach Perfect Comfort Matte Foundation – Peaches and Cream Collection,https://www.sephora.com/product/peach-perfect-comfort-moisture-matte-foundation-peaches-cream-collection-P422601?skuId=2203396&icid2=products%20grid:p422601
foundation-makeup,FENTY BEAUTY by Rihanna Pro Filt'r Soft Matte Longwear Foundation,https://www.sephora.com/product/pro-filtr-soft-matte-longwear-foundation-P87985432?icid2=products%20grid:p87985432
foundation-makeup,Armani Beauty Luminous Silk Perfect Glow Flawless Oil-Free Foundation,https://www.sephora.com/product/luminous-silk-foundation-P393401?icid2=products%20grid:p393401
foundation-makeup,Estée Lauder Double Wear Stay-in-Place Foundation,https://www.sephora.com/product/double-wear-stay-in-place-makeup-P378284?icid2=products%20grid:p378284
foundation-makeup,MAKE UP FOR EVER Ultra HD Invisible Cover Foundation,https://www.sephora.com/product/ultra-hd-invisible-cover-foundation-P398321?icid2=products%20grid:p398321
foundation-makeup,ILIA Super Serum Skin Tint SPF 40 Foundation,https://www.sephora.com/product/ilia-super-serum-skin-tint-spf-40-P455418?icid2=products%20grid:p455418
foundation-makeup,NARS Soft Matte Complete Foundation,https://www.sephora.com/product/nars-soft-matte-complete-foundation-P462720?icid2=products%20grid:p462720
foundation-makeup,IT Cosmetics CC+ Cream with SPF 50+,https://www.sephora.com/product/your-skin-but-better-cc-cream-spf-50-P411885?icid2=products%20grid:p411885
foundation-makeup,bareMinerals COMPLEXION RESCUE™ Tinted Moisturizer with Hyaluronic Acid and Mineral SPF 30,https://www.sephora.com/product/complexion-rescue-tinted-hydrating-gel-cream-P393356?icid2=products%20grid:p393356
foundation-makeup,Too Faced Born This Way Foundation,https://www.sephora.com/product/born-this-way-P397517?icid2=products%20grid:p397517
foundation-makeup,HUDA BEAUTY #FauxFilter Skin Finish Buildable Coverage Foundation Stick,https://www.sephora.com/product/huda-beauty-fauxfilter-skin-finish-buildable-coverage-foundation-stick-P465324?icid2=products%20grid:p465324
foundation-makeup,Rare Beauty by Selena Gomez Liquid Touch Weightless Foundation,https://www.sephora.com/product/rare-beauty-by-selena-gomez-liquid-touch-weightless-foundation-P49848448?icid2=products%20grid:p49848448
foundation-makeup,bareMinerals Original Loose Powder Mineral Foundation SPF 15,https://www.sephora.com/product/bareminerals-original-foundation-broad-spectrum-spf-15-P61003?icid2=products%20grid:p61003
foundation-makeup,NARS Natural Radiant Longwear Foundation,https://www.sephora.com/product/natural-radiant-longwear-foundation-P427301?icid2=products%20grid:p427301
foundation-makeup,tarte Amazonian Clay Full Coverage Foundation SPF 15,https://www.sephora.com/product/amazonian-clay-12-hour-full-coverage-foundation-spf-15-P302918?icid2=products%20grid:p302918
foundation-makeup,Lancôme Teint Idole Ultra Long Wear Foundation,https://www.sephora.com/product/teint-idole-ultra-24h-long-wear-foundation-P308201?icid2=products%20grid:p308201
foundation-makeup,Laura Mercier Tinted Moisturizer Broad Spectrum SPF 20 - Oil Free,https://www.sephora.com/product/tinted-moisturizer-broad-spectrum-oil-free-P140906?icid2=products%20grid:p140906
foundation-makeup,Laura Mercier Tinted Moisturizer Natural Skin Perfector Broad Spectrum SPF 30,https://www.sephora.com/product/tinted-moisturizer-broad-spectrum-P109936?icid2=products%20grid:p109936
foundation-makeup,BECCA Cosmetics Ultimate Coverage 24 Hour Foundation,https://www.sephora.com/product/ultimate-coverage-complexion-creme-P384640?icid2=products%20grid:p384640
foundation-makeup,Dior Dior Airflash Spray Foundation,https://www.sephora.com/product/diorskin-airflash-spray-foundation-P104914?icid2=products%20grid:p104914
foundation-makeup,MAKE UP FOR EVER Matte Velvet Skin Blurring Powder Foundation,https://www.sephora.com/product/matte-velvet-skin-blurring-powder-foundation-P443566?icid2=products%20grid:p443566
foundation-makeup,CLINIQUE Even Better Foundation Makeup Broad Spectrum SPF 15,https://www.sephora.com/product/even-better-makeup-spf-15-P234967?icid2=products%20grid:p234967
foundation-makeup,SEPHORA COLLECTION Matte Perfection Powder Foundation,https://www.sephora.com/product/matte-perfection-powder-foundation-P408606?icid2=products%20grid:p408606
foundation-makeup,SEPHORA COLLECTION 10 Hour Wear Perfection Foundation,https://www.sephora.com/product/10-hr-wear-perfection-foundation-P379509?icid2=products%20grid:p379509
foundation-makeup,NARS Sheer Glow Foundation,https://www.sephora.com/product/sheer-glow-foundation-P247355?icid2=products%20grid:p247355
foundation-makeup,bareMinerals BAREPRO Longwear Powder Foundation,https://www.sephora.com/product/barepro-performance-wear-powder-foundation-P410543?icid2=products%20grid:p410543
foundation-makeup,KVD Vegan Beauty Lock-It Foundation,https://www.sephora.com/product/lock-it-tattoo-foundation-P311138?icid2=products%20grid:p311138
foundation-makeup,Dior BACKSTAGE Face & Body Foundation,https://www.sephora.com/product/backstage-face-body-foundation-P432500?icid2=products%20grid:p432500
foundation-makeup,NARS Pure Radiant Tinted Moisturizer Broad Spectrum SPF 30,https://www.sephora.com/product/pure-radiant-tinted-moisturizer-spf-30-pa-P302923?icid2=products%20grid:p302923
foundation-makeup,Marc Jacobs Beauty Re(marc)able Full Cover Foundation Concentrate,https://www.sephora.com/product/re-marc-able-full-coverage-foundation-concentrate-P398803?icid2=products%20grid:p398803
foundation-makeup,beautyblender Bounce™ Liquid Whip Long Wear Foundation,https://www.sephora.com/product/bounce-liquid-whip-longwear-foundation-P433987?icid2=products%20grid:p433987
foundation-makeup,MAKE UP FOR EVER Reboot Active Care Revitalizing Foundation,https://www.sephora.com/product/make-up-for-ever-reboot-foundation-P454035?icid2=products%20grid:p454035
foundation-makeup,KVD Vegan Beauty True Portrait Medium Coverage Shake Foundation,https://www.sephora.com/product/true-portrait-foundation-P449086?icid2=products%20grid:p449086
foundation-makeup,FENTY BEAUTY by Rihanna Pro Filt'r Hydrating Longwear Foundation,https://www.sephora.com/product/pro-filt-r-hydrating-longwear-foundation-P448702?icid2=products%20grid:p448702
foundation-makeup,CLINIQUE Beyond Perfecting Foundation + Concealer,https://www.sephora.com/product/beyond-perfecting-foundation-concealer-P393325?icid2=products%20grid:p393325
foundation-makeup,CLINIQUE Stay-Matte Sheer Pressed Powder,https://www.sephora.com/product/stay-matte-sheer-pressed-powder-P122748?icid2=products%20grid:p122748
foundation-makeup,tarte SEA Water Foundation Broad Spectrum SPF 15,https://www.sephora.com/product/sea-water-foundation-broad-spectrum-spf-15-P405102?skuId=2179158&icid2=products%20grid:p405102
foundation-makeup,Charlotte Tilbury Airbrush Flawless Longwear Foundation,https://www.sephora.com/product/airbrush-flawless-longwear-foundation-P448869?icid2=products%20grid:p448869
foundation-makeup,Urban Decay Stay Naked Weightless Foundation,https://www.sephora.com/product/stay-naked-weightless-foundation-P447143?icid2=products%20grid:p447143
foundation-makeup,MAKE UP FOR EVER Matte Velvet Skin Full Coverage Foundation,https://www.sephora.com/product/matte-velvet-skin-full-coverage-foundation-P434023?icid2=products%20grid:p434023
foundation-makeup,BECCA Cosmetics Skin Love Weightless Blur Foundation,https://www.sephora.com/product/skin-love-weightless-blur-foundation-P434379?icid2=products%20grid:p434379
foundation-makeup,Yves Saint Laurent All Hours Longwear Natural Matte Foundation,https://www.sephora.com/product/all-hours-full-coverage-matte-foundation-P421456?icid2=products%20grid:p421456
foundation-makeup,IT Cosmetics CC+ Cream Oil-Free Matte with SPF 40,https://www.sephora.com/product/your-skin-but-better-cc-oil-free-matte-with-spf-40-P433435?icid2=products%20grid:p433435
foundation-makeup,bareMinerals Original Loose Mineral Foundation Deluxe Collector's Edition,https://www.sephora.com/product/bareminerals-original-loose-mineral-foundation-deluxe-collector-s-edition-P463790?icid2=products%20grid:p463790
foundation-makeup,bareMinerals Matte Loose Powder Mineral Foundation SPF 15,https://www.sephora.com/product/bareminerals-matte-foundation-broad-spectrum-spf-15-P240604?icid2=products%20grid:p240604
foundation-makeup,Hourglass Vanish™ Seamless Finish Foundation Stick,https://www.sephora.com/product/vanish-seamless-finish-foundation-stick-P410532?icid2=products%20grid:p410532
foundation-makeup,HUDA BEAUTY #FauxFilter Full Coverage Matte Foundation,https://www.sephora.com/product/fauxfilter-foundation-P424302?icid2=products%20grid:p424302
foundation-makeup,Laura Mercier Smooth Finish Foundation Powder,https://www.sephora.com/product/smooth-finish-foundation-powder-P381714?icid2=products%20grid:p381714
foundation-makeup,bareMinerals BarePRO™ 24 hour Longwear Liquid Foundation with Mineral SPF 20,https://www.sephora.com/product/barepro-performance-wear-liquid-foundation-broad-spectrum-spf-20-P421001?icid2=products%20grid:p421001
foundation-makeup,CLINIQUE Superpowder Double Face Makeup Foundation,https://www.sephora.com/product/superpowder-double-face-makeup-P122736?skuId=51904&icid2=products%20grid:p122736
foundation-makeup,SEPHORA COLLECTION Make No Mistake Foundation & Concealer Stick,https://www.sephora.com/product/make-no-mistake-foundation-concealer-stick-P420440?icid2=products%20grid:p420440
foundation-makeup,tarte Amazonian Clay Full Coverage Airbrush Foundation,https://www.sephora.com/product/amazonian-clay-airbrush-foundation-P380829?icid2=products%20grid:p380829
foundation-makeup,MILK MAKEUP Flex Foundation Stick,https://www.sephora.com/product/flex-foundation-stick-P448151?icid2=products%20grid:p448151
foundation-makeup,Dr. Jart+ Premium Beauty Balm SPF 40,https://www.sephora.com/product/premium-beauty-balm-spf-45-P285403?icid2=products%20grid:p285403
foundation-makeup,Dior Dior Forever Matte Foundation,https://www.sephora.com/product/forever-matte-foundation-P439940?icid2=products%20grid:p439940
foundation-makeup,SEPHORA COLLECTION MicroSmooth Baked Powder Foundation,https://www.sephora.com/product/baked-foundation-face-powder-P310719?icid2=products%20grid:p310719
foundation-makeup,Dior Dior Forever Skin Glow Foundation,https://www.sephora.com/product/forever-glow-foundation-P439941?icid2=products%20grid:p439941
foundation-makeup,Smashbox Studio Skin 24 Hour Oil-Free Hydra Foundation,https://www.sephora.com/product/studio-skin-15-hour-wear-foundation-P292403?icid2=products%20grid:p292403
foundation-makeup,MAKE UP FOR EVER Ultra HD Invisible Cover Stick Foundation,https://www.sephora.com/product/ultra-hd-invisible-cover-stick-foundation-P398775?icid2=products%20grid:p398775
foundation-makeup,Bobbi Brown Skin Long-Wear Weightless Foundation SPF 15,https://www.sephora.com/product/skin-long-wear-weightless-foundation-spf-15-P427430?icid2=products%20grid:p427430
foundation-makeup,tarte Maracuja Hydrating Tinted Moisturizer,https://www.sephora.com/product/tarte-maracuja-tinted-hydrator-P456371?icid2=products%20grid:p456371
foundation-makeup,ILIA True Skin Serum Foundation,https://www.sephora.com/product/true-skin-serum-foundation-P429548?icid2=products%20grid:p429548
foundation-makeup,IT Cosmetics Your Skin But Better Foundation + Skincare,https://www.sephora.com/product/it-cosmetics-your-skin-but-better-foundation-skincare-P461600?skuId=2379972&icid2=products%20grid:p461600
foundation-makeup,Lancôme DUAL FINISH – Multi-tasking Longwear Powder Foundation,https://www.sephora.com/product/dual-finish-multi-tasking-longwear-powder-foundation-P54419?icid2=products%20grid:p54419
foundation-makeup,CLINIQUE Acne Solutions Liquid Makeup Foundation,https://www.sephora.com/product/acne-solutions-liquid-makeup-P259605?icid2=products%20grid:p259605
foundation-makeup,Laura Mercier Flawless Lumière Radiance-Perfecting Foundation,https://www.sephora.com/product/flawless-lumiere-radiance-perfecting-foundation-P440268?icid2=products%20grid:p440268
foundation-makeup,SEPHORA COLLECTION Perfection Mist Airbrush Foundation,https://www.sephora.com/product/perfection-mist-airbrush-foundation-P381155?icid2=products%20grid:p381155
foundation-makeup,IT Cosmetics CC+ Cream Illumination with SPF 50+,https://www.sephora.com/product/your-skin-but-better-cc-illumination-cream-spf-50-P411884?icid2=products%20grid:p411884
foundation-makeup,KVD Vegan Beauty Lock-It Powder Foundation,https://www.sephora.com/product/lock-it-powder-foundation-P441024?icid2=products%20grid:p441024
foundation-makeup,MAKE UP FOR EVER Water Blend Face & Body Foundation,https://www.sephora.com/product/water-blend-face-body-foundation-P410512?skuId=1856426&icid2=products%20grid:p410512
foundation-makeup,Armani Beauty Power Fabric Longwear High Cover Foundation SPF 25,https://www.sephora.com/product/power-fabric-longwear-high-cover-foundation-spf-25-P416785?icid2=products%20grid:p416785
foundation-makeup,CLINIQUE Stay-Matte Oil-Free Makeup Foundation,https://www.sephora.com/product/stay-matte-oil-free-makeup-P310726?icid2=products%20grid:p310726
foundation-makeup,IT Cosmetics CC+ Airbrush Perfecting Powder,https://www.sephora.com/product/your-skin-but-better-cc-airbrush-perfecting-powder-spf-50-P411889?icid2=products%20grid:p411889
foundation-makeup,IT Cosmetics Bye Bye Redness Neutralizing Color-Correcting Cream,https://www.sephora.com/product/bye-bye-redness-neutralizing-correcting-cream-P411393?icid2=products%20grid:p411393
foundation-makeup,PAT McGRATH LABS Sublime Perfection Foundation,https://www.sephora.com/product/skin-fetish-sublime-perfection-foundation-P447519?icid2=products%20grid:p447519
foundation-makeup,Kosas Tinted Face Oil Foundation,https://www.sephora.com/product/tinted-face-oil-P441884?icid2=products%20grid:p441884
foundation-makeup,Urban Decay All Nighter Liquid Foundation,https://www.sephora.com/product/all-nighter-liquid-foundation-P410548?icid2=products%20grid:p410548
foundation-makeup,tarte Clay Stick Foundation,https://www.sephora.com/product/clay-stick-foundation-P419646?icid2=products%20grid:p419646
foundation-makeup,Too Faced Born This Way Matte 24 Hour Foundation,https://www.sephora.com/product/too-faced-born-this-way-matte-24-hour-foundation-P458586?icid2=products%20grid:p458586
foundation-makeup,Armani Beauty Luminous Silk Foundation Customizable Set,https://www.sephora.com/product/giorgio-armani-beauty-luminous-silk-foundation-customizable-set-P460563?icid2=products%20grid:p460563
foundation-makeup,Too Faced Born This Way Pressed Powder Foundation,https://www.sephora.com/product/born-this-way-multi-use-complexion-powder-P447123?icid2=products%20grid:p447123
foundation-makeup,"rms beauty ""Un"" Cover-up Concealer",https://www.sephora.com/product/un-cover-up-concealer-foundation-P408972?icid2=products%20grid:p408972
foundation-makeup,NARS All Day Luminous Weightless Foundation,https://www.sephora.com/product/all-day-luminous-weightless-foundation-P393658?icid2=products%20grid:p393658
foundation-makeup,Anastasia Beverly Hills Luminous Foundation,https://www.sephora.com/product/luminous-foundation-P449124?icid2=products%20grid:p449124
foundation-makeup,Dior Diorskin Forever Perfect Matte Powder Foundation,https://www.sephora.com/product/diorskin-forever-perfect-matte-powder-foundation-P297404?icid2=products%20grid:p297404
foundation-makeup,SEPHORA COLLECTION Matte Perfection Tinted Moisturizer,https://www.sephora.com/product/matte-perfection-tinted-moisturizer-P448496?icid2=products%20grid:p448496
foundation-makeup,Bobbi Brown Skin Foundation Stick,https://www.sephora.com/product/foundation-stick-P270549?icid2=products%20grid:p270549
foundation-makeup,Laura Mercier Flawless Fusion Ultra-Longwear Foundation,https://www.sephora.com/product/flawless-fusion-ultra-longwear-foundation-P421280?icid2=products%20grid:p421280
foundation-makeup,Bobbi Brown Skin Foundation SPF 15,https://www.sephora.com/product/skin-foundation-spf-15-P270551?icid2=products%20grid:p270551
foundation-makeup,MILK MAKEUP Blur Liquid Matte Foundation,https://www.sephora.com/product/blur-liquid-matte-foundation-P421938?icid2=products%20grid:p421938
foundation-makeup,Natasha Denona Transformatte Pore Vanishing Matte Foundation,https://www.sephora.com/product/transformatte-pore-vanishing-matte-foundation-P434566?icid2=products%20grid:p434566
foundation-makeup,Hourglass Illusion® Hyaluronic Skin Tint,https://www.sephora.com/product/illusion-hyaluronic-skin-tint-P388108?icid2=products%20grid:p388108
foundation-makeup,La Mer The Soft Fluid Long Wear Foundation SPF 20,https://www.sephora.com/product/the-soft-fluid-long-wear-foundation-spf-20-P423742?icid2=products%20grid:p423742
foundation-makeup,tarte babassu foundcealer™ skincare foundation SPF 20,https://www.sephora.com/product/babassu-foundcealer-skincare-foundation-broad-spectrum-spf-20-P442792?icid2=products%20grid:p442792
foundation-makeup,TOM FORD Traceless Soft Matte Foundation,https://www.sephora.com/product/tom-ford-traceless-soft-matte-foundation-P459506?icid2=products%20grid:p459506
foundation-makeup,Hourglass Immaculate® Liquid Powder Foundation Mattifying Oil Free,https://www.sephora.com/product/immaculate-liquid-powder-foundation-mattifying-oil-free-P301802?icid2=products%20grid:p301802
foundation-makeup,bareMinerals Blemish Rescue™ Salicylic Acid Loose Powder Foundation,https://www.sephora.com/product/blemish-rescue-skin-clearing-loose-powder-foundation-P432867?skuId=2107662&icid2=products%20grid:p432867
foundation-makeup,Yves Saint Laurent Touche Eclat Le Teint Radiant Liquid Foundation,https://www.sephora.com/product/touche-eclat-le-teint-radiance-awakening-foundation-spf-22-P405083?icid2=products%20grid:p405083
foundation-makeup,Bobbi Brown Prep & Perfect Skin Long Wear Customizable Set,https://www.sephora.com/product/prep-perfect-skin-long-wear-customizable-set-P445416?icid2=products%20grid:p445416
foundation-makeup,CLINIQUE Moisture Surge CC Cream Hydrating Colour Corrector Broad Spectrum SPF 30,https://www.sephora.com/product/moisture-surge-cc-cream-hydrating-colour-corrector-broad-spectrum-spf-30-P378639?skuId=1509512&icid2=products%20grid:p378639
foundation-makeup,Laura Mercier Silk Crème Oil Free Photo Edition Foundation,https://www.sephora.com/product/silk-creme-oil-free-photo-edition-foundation-P136022?icid2=products%20grid:p136022
foundation-makeup,Lancôme SKIN FEELS GOOD Skin Nourishing Foundation,https://www.sephora.com/product/skin-feels-good-skin-nourishing-foundation-P428823?icid2=products%20grid:p428823
foundation-makeup,Shiseido Synchro Skin Self-Refreshing Foundation SPF 30,https://www.sephora.com/product/synchro-skin-self-refreshing-foundation-spf-30-P449106?icid2=products%20grid:p449106
foundation-makeup,Charlotte Tilbury Light Wonder Foundation,https://www.sephora.com/product/light-wonder-foundation-P434103?icid2=products%20grid:p434103
foundation-makeup,AMOREPACIFIC Color Control Cushion Compact Broad Spectrum SPF 50+,https://www.sephora.com/product/color-control-cushion-compact-broad-spectrum-spf-50-P378121?icid2=products%20grid:p378121
foundation-makeup,Dior Diorskin Forever Undercover Foundation,https://www.sephora.com/product/diorskin-forever-undercover-foundation-P427506?icid2=products%20grid:p427506
foundation-makeup,TOM FORD Traceless Foundation Stick,https://www.sephora.com/product/traceless-foundation-stick-P422453?icid2=products%20grid:p422453
foundation-makeup,MILK MAKEUP Sunshine Skin Tint SPF 30,https://www.sephora.com/product/sunshine-skin-tint-spf-30-P410176?icid2=products%20grid:p410176
foundation-makeup,Dr. Jart+ Black Label Detox BB Beauty Balm,https://www.sephora.com/product/black-label-detox-bb-beauty-balm-P374568?icid2=products%20grid:p374568
foundation-makeup,Erborian BB Cream Tinted Moisturizer Broad Spectrum SPF20,https://www.sephora.com/product/bb-creme-au-ginseng-P396093?icid2=products%20grid:p396093
foundation-makeup,tarte SEA Water Foundation Customizable Set,https://www.sephora.com/product/tarte-sea-water-foundation-customizable-set-P460558?icid2=products%20grid:p460558
foundation-makeup,Laura Mercier Silk Crème Moisturizing Photo Edition Foundation,https://www.sephora.com/product/silk-creme-moisturizing-photo-edition-foundation-P394937?icid2=products%20grid:p394937
foundation-makeup,Armani Beauty Luminous Silk Compact Powder Foundation,https://www.sephora.com/product/luminous-silk-compact-powder-foundation-P399928?icid2=products%20grid:p399928
foundation-makeup,Yves Saint Laurent Touche Eclat All-In-One Glow Foundation,https://www.sephora.com/product/touche-eclat-all-in-one-glow-P428504?icid2=products%20grid:p428504
foundation-makeup,tarte Amazonian Clay BB Tinted Moisturizer Broad Spectrum SPF 20 Sunscreen,https://www.sephora.com/product/amazonian-clay-bb-tinted-moisturizer-broad-spectrum-spf-20-sunscreen-P67617?icid2=products%20grid:p67617
foundation-makeup,bareMinerals COMPLEXION RESCUE™ Hydrating Foundation Stick with Mineral SPF 25,https://www.sephora.com/product/complexion-rescue-hydrating-foundation-stick-broad-spectrum-spf-25-P441829?icid2=products%20grid:p441829
foundation-makeup,Josie Maran Vibrancy Argan Oil Foundation Fluid,https://www.sephora.com/product/vibrancy-argan-oil-foundation-fluid-P407445?icid2=products%20grid:p407445
foundation-makeup,Armani Beauty Neo Nude Foundation,https://www.sephora.com/product/giorgio-armani-beauty-neo-nude-foundation-P458270?icid2=products%20grid:p458270
foundation-makeup,Bite Beauty Changemaker Supercharged Micellar Foundation,https://www.sephora.com/product/bite-beauty-changemaker-supercharged-micellar-foundation-vegan-P454740?icid2=products%20grid:p454740
foundation-makeup,tarte BB Tinted Treatment 12-Hour Primer Broad Spectrum SPF 30 Sunscreen,https://www.sephora.com/product/bb-tinted-treatment-12-hour-primer-broad-spectrum-spf-30-sunscreen-P377542?icid2=products%20grid:p377542
foundation-makeup,Wander Beauty Nude Illusion Liquid Foundation,https://www.sephora.com/product/nude-illusion-liquid-foundation-P437367?icid2=products%20grid:p437367
foundation-makeup,CLINIQUE Acne Solutions™ BB Cream SPF 40,https://www.sephora.com/product/acne-solutions-bb-cream-broad-spectrum-spf-40-P394252?icid2=products%20grid:p394252
foundation-makeup,Estée Lauder Double Wear Stay-in-Place Matte Powder Foundation,https://www.sephora.com/product/double-wear-stay-in-place-matte-powder-foundation-P441306?skuId=2179604&icid2=products%20grid:p441306
foundation-makeup,Guerlain Lingerie De Peau Natural Perfection Foundation SPF 20,https://www.sephora.com/product/lingerie-de-peau-liquid-foundation-spf-20-P276800?icid2=products%20grid:p276800
foundation-makeup,Charlotte Tilbury Magic Foundation,https://www.sephora.com/product/magic-foundation-P433518?icid2=products%20grid:p433518
foundation-makeup,CLINIQUE Superbalanced Makeup Foundation,https://www.sephora.com/product/superbalanced-makeup-P122740?icid2=products%20grid:p122740
foundation-makeup,Estée Lauder Futurist Hydra Rescue Moisturizing Foundation SPF 45,https://www.sephora.com/product/estee-lauder-futurist-hydrating-rescue-moisturizing-foundation-spf-45-P454063?icid2=products%20grid:p454063
foundation-makeup,Lancôme Teint Idole Ultra Longwear Foundation Stick SPF 21,https://www.sephora.com/product/teint-idole-ultra-longwear-foundation-stick-spf-21-P403944?icid2=products%20grid:p403944
foundation-makeup,Bobbi Brown Skin Weightless Powder Foundation,https://www.sephora.com/product/skin-weightless-powder-foundation-P388664?icid2=products%20grid:p388664
foundation-makeup,La Mer The Luminous Lifting Cushion Foundation SPF 20 + Refill,https://www.sephora.com/product/the-luminous-lifting-cushion-foundation-spf-20-refill-P437500?icid2=products%20grid:p437500
foundation-makeup,Armani Beauty Designer Lift Smoothing Firming Full Coverage Foundation with SPF 20,https://www.sephora.com/product/designer-lift-smoothing-firming-foundation-spf-20-P393406?icid2=products%20grid:p393406
foundation-makeup,Dior Dreamskin Fresh & Perfect Cushion Broad Spectrum SPF 50,https://www.sephora.com/product/capture-dreamskin-fresh-perfect-cushion-broad-spectrum-spf-50-P435806?icid2=products%20grid:p435806
foundation-makeup,Too Faced Peaches & Cream Modern Matte Custom Complexion Kit,https://www.sephora.com/product/too-faced-modern-matte-custom-complexion-kit-P458269?icid2=products%20grid:p458269
foundation-makeup,Anastasia Beverly Hills Stick Foundation,https://www.sephora.com/product/stick-foundation-P410504?icid2=products%20grid:p410504
foundation-makeup,CLINIQUE Chubby in the Nude Foundation Stick,https://www.sephora.com/product/chubby-in-nude-foundation-stick-P404468?icid2=products%20grid:p404468
foundation-makeup,Benefit Cosmetics Hello Happy Velvet Powder Foundation,https://www.sephora.com/product/hello-happy-velvet-power-foundation-P447122?icid2=products%20grid:p447122
foundation-makeup,SEPHORA COLLECTION Clean Glowing Skin Foundation,https://www.sephora.com/product/sephora-collection-clean-glowing-skin-foundation-P460718?icid2=products%20grid:p460718
foundation-makeup,SEPHORA COLLECTION Matte Perfection Full Coverage Foundation,https://www.sephora.com/product/matte-perfection-foundation-P439400?icid2=products%20grid:p439400
foundation-makeup,Hourglass Vanish™ Seamless Finish Liquid Foundation,https://www.sephora.com/product/vanish-seamless-finish-liquid-foundation-P440458?icid2=products%20grid:p440458
foundation-makeup,bareMinerals Prime Time™  BB Tinted Primer Broad Spectrum SPF 30,https://www.sephora.com/product/prime-time-bb-primer-cream-daily-defense-broad-spectrum-spf-30-P385504?icid2=products%20grid:p385504
foundation-makeup,MAKE UP FOR EVER Ultra HD Invisible Cover Cream Foundation Palette,https://www.sephora.com/product/ultra-hd-invisible-cover-cream-foundation-palette-P440956?icid2=products%20grid:p440956
foundation-makeup,Urban Decay Stay Naked The Fix Powder Foundation,https://www.sephora.com/product/urban-decay-stay-naked-fix-powder-foundation-P454606?icid2=products%20grid:p454606
foundation-makeup,Bobbi Brown Skin Long-Wear Fluid Powder Foundation SPF 20,https://www.sephora.com/product/bobbi-brown-skin-long-wear-fluid-powder-foundation-P455195?icid2=products%20grid:p455195
foundation-makeup,Benefit Cosmetics Hello Happy Flawless Brightening Foundation SPF 15,https://www.sephora.com/product/hello-happy-flawless-brightening-foundation-P447121?icid2=products%20grid:p447121
foundation-makeup,Smashbox Studio Skin 24 Hour Full Coverage Waterproof Foundation,https://www.sephora.com/product/studio-skin-full-coverage-24-hour-foundation-P447363?icid2=products%20grid:p447363
foundation-makeup,FENTY BEAUTY by Rihanna Hydrating Complexion Essentials,https://www.sephora.com/product/hydrating-foundation-bundle-P451632?icid2=products%20grid:p451632
foundation-makeup,KVD Vegan Beauty Lock-It Powder Foundation Refills,https://www.sephora.com/product/lock-it-powder-foundation-refills-P447557?icid2=products%20grid:p447557
foundation-makeup,BECCA Cosmetics Zero No Pigment Foundation,https://www.sephora.com/product/becca-cosmetics-zero-no-pigment-virtual-foundation-P461135?icid2=products%20grid:p461135
foundation-makeup,Wander Beauty Wanderlust Powder Foundation,https://www.sephora.com/product/wanderlust-powder-foundation-P411529?icid2=products%20grid:p411529
foundation-makeup,Shiseido Synchro Skin Self-Refreshing Custom Finish Powder Foundation,https://www.sephora.com/product/shiseido-synchro-skin-self-refreshing-custom-finish-powder-foundation-P454978?icid2=products%20grid:p454978
foundation-makeup,Givenchy Matissime Velvet Radiant Mattifying Fluid Foundation SPF 20,https://www.sephora.com/product/matissime-velvet-radiant-mattifying-fluid-foundation-spf-20-P419438?icid2=products%20grid:p419438
foundation-makeup,Guerlain L'Essentiel Natural Longwear Foundation SPF 20,https://www.sephora.com/product/l-essentiel-natural-16h-wear-foundation-spf-20-P444578?icid2=products%20grid:p444578
foundation-makeup,KEVYN AUCOIN The Etherealist Foundation,https://www.sephora.com/product/the-etherealist-skin-illuminating-foundation-P411600?icid2=products%20grid:p411600
foundation-makeup,Givenchy Teint Couture Everwear 24H Foundation SPF 20,https://www.sephora.com/product/teint-couture-everwear-foundation-P442284?icid2=products%20grid:p442284
foundation-makeup,COOLA Rōsilliance™ Organic BB+ Cream SPF 30,https://www.sephora.com/product/rosilliance-organic-bb-cream-spf-30-P409519?icid2=products%20grid:p409519
foundation-makeup,Estée Lauder Double Wear Stay-In-Place Foundation Pump,https://www.sephora.com/product/double-wear-stay-in-place-makeup-pump-P427045?icid2=products%20grid:p427045
foundation-makeup,Dior Dreamskin Fresh & Perfect Cushion Broad Spectrum SPF 50 Refill,https://www.sephora.com/product/capture-dreamskin-fresh-perfect-cushion-broad-spectrum-spf-50-refill-P435807?icid2=products%20grid:p435807
foundation-makeup,Perricone MD No Makeup Foundation Serum Broad Spectrum SPF 20,https://www.sephora.com/product/no-foundation-foundation-serum-spf-30-P386465?icid2=products%20grid:p386465
foundation-makeup,Jouer Cosmetics Essential High Coverage Crème Foundation,https://www.sephora.com/product/essential-high-coverage-creme-foundation-P434015?icid2=products%20grid:p434015
foundation-makeup,Koh Gen Do Aqua Foundation,https://www.sephora.com/product/aqua-foundation-P431509?icid2=products%20grid:p431509
foundation-makeup,Bobbi Brown Sheer Finish Pressed Setting Powder,https://www.sephora.com/product/sheer-finish-pressed-powder-P270540?icid2=products%20grid:p270540
foundation-makeup,Josie Maran Argan Matchmaker Serum Foundation,https://www.sephora.com/product/argan-matchmaker-serum-foundation-P280202?skuId=1820968&icid2=products%20grid:p280202
foundation-makeup,NUDESTIX Nudies Tinted Blur Stick,https://www.sephora.com/product/nudies-tinted-blur-stick-P431758?icid2=products%20grid:p431758
foundation-makeup,KEVYN AUCOIN Foundation Balm,https://www.sephora.com/product/beauty-foundation-balm-P447734?icid2=products%20grid:p447734
foundation-makeup,CLINIQUE Even Better™ Glow Light Reflecting Makeup Broad Spectrum SPF 15 Foundation,https://www.sephora.com/product/even-better-trade-glow-light-reflecting-makeup-broad-spectrum-spf-15-P422881?skuId=1953488&icid2=products%20grid:p422881
foundation-makeup,CLINIQUE Even Better Refresh™ Hydrating and Repairing Foundation,https://www.sephora.com/product/even-better-refresh-hydrating-and-repairing-foundation-P446874?skuId=2256717&icid2=products%20grid:p446874
foundation-makeup,Sephora Favorites Deep Customizable Foundation Set with Too Faced Born This Way Foundation,https://www.sephora.com/product/sephora-favorites-sephora-favorites-deep-customizable-foundation-set-with-too-faced-born-this-way-foundation-P453905?icid2=products%20grid:p453905
foundation-makeup,NUDESTIX Tinted Cover Foundation,https://www.sephora.com/product/nudies-tinted-cover-foundation-P448152?icid2=products%20grid:p448152
foundation-makeup,CLINIQUE Beyond Perfecting Powder Foundation + Concealer,https://www.sephora.com/product/beyond-perfecting-powder-foundation-concealer-P426374?icid2=products%20grid:p426374
foundation-makeup,LAWLESS Woke Up Like This Flawless Finish Foundation,https://www.sephora.com/product/woke-up-like-this-flawless-finish-foundation-P432234?icid2=products%20grid:p432234
foundation-makeup,Dr. Dennis Gross Skincare Instant Radiance Sun Defense Sunscreen Broad Spectrum SPF 40,https://www.sephora.com/product/instant-radiance-sun-defense-sunscreen-broad-spectrum-spf-40-P409706?icid2=products%20grid:p409706
foundation-makeup,boscia Skin Perfecting BB Cream Broad Spectrum SPF 30,https://www.sephora.com/product/skin-perfecting-bb-cream-broad-spectrum-spf-30-P443379?icid2=products%20grid:p443379
foundation-makeup,Josie Maran Argan Daily Defense Lotion SPF 30,https://www.sephora.com/product/josie-maran-argan-daily-moisturizer-tinted-spf-47-P464773?icid2=products%20grid:p464773
foundation-makeup,tarte Mini babassu foundcealer™ skincare foundation SPF 20,https://www.sephora.com/product/tarte-mini-babassu-foundcealer-trade-skincare-foundation-spf-20-P454990?icid2=products%20grid:p454990
foundation-makeup,Givenchy Teint Couture City Balm Radiant Perfecting Skin Tint SPF 25,https://www.sephora.com/product/givenchy-teint-couture-city-balm-radiant-perfecting-skin-tint-spf-25-P454977?icid2=products%20grid:p454977
foundation-makeup,Armani Beauty Crema Nuda Supreme Glow Reviving Tinted Moisturizer,https://www.sephora.com/product/crema-nuda-supreme-glow-reviving-tinted-moisturizer-P419856?icid2=products%20grid:p419856
foundation-makeup,NARS Sheer Glow Foundation Pump,https://www.sephora.com/product/liquid-foundation-pump-P433123?icid2=products%20grid:p433123
foundation-makeup,Armani Beauty Maestro Fusion Makeup SPF 15 Liquid Foundation,https://www.sephora.com/product/maestro-fusion-makeup-spf-15-foundation-P393403?icid2=products%20grid:p393403
foundation-makeup,CLINIQUE Age Defense BB Cream Broad Spectrum SPF 30,https://www.sephora.com/product/age-defense-bb-cream-broad-spectrum-spf-30-P293010?icid2=products%20grid:p293010
foundation-makeup,"rms beauty ""Un"" Cover-Up Cream Foundation",https://www.sephora.com/product/un-cover-up-cream-foundation-P450899?icid2=products%20grid:p450899
foundation-makeup,Benefit Cosmetics Hello Happy Air Stick Foundation SPF 20,https://www.sephora.com/product/benefit-cosmetics-hello-happy-air-stick-foundation-spf-20-P457648?icid2=products%20grid:p457648
foundation-makeup,surratt beauty Surreal Skin Foundation Wand,https://www.sephora.com/product/surreal-real-skin-foundation-wand-P407377?icid2=products%20grid:p407377
foundation-makeup,Hourglass Veil Fluid Makeup Oil Free Broad Spectrum SPF 15,https://www.sephora.com/product/veil-fluid-makeup-oil-free-broad-spectrum-spf-15-P193231?skuId=1064898&icid2=products%20grid:p193231
foundation-makeup,KEVYN AUCOIN Stripped Nude Skin Tint,https://www.sephora.com/product/kevyn-aucoin-stripped-nude-skin-tint-P457447?icid2=products%20grid:p457447
foundation-makeup,Smashbox Camera Ready BB Cream SPF 35,https://www.sephora.com/product/camera-ready-bb-cream-spf-35-P300339?icid2=products%20grid:p300339
foundation-makeup,Natasha Denona Foundation X+,https://www.sephora.com/product/foundation-x-P442957?icid2=products%20grid:p442957
foundation-makeup,Origins Pretty in Bloom™ SPF 20 Flower-Infused Long-Wear Foundation,https://www.sephora.com/product/origins-pretty-in-bloom-spf-20-flower-infused-long-wear-foundation-P455004?icid2=products%20grid:p455004
foundation-makeup,Natasha Denona Face Glow Foundation,https://www.sephora.com/product/face-glow-foundation-P448511?icid2=products%20grid:p448511
foundation-makeup,CLINIQUE Superbalanced Silk Makeup Broad Spectrum 15,https://www.sephora.com/product/superbalanced-silk-makeup-broad-spectrum-15-P411552?icid2=products%20grid:p411552
foundation-makeup,philosophy Renewed Hope in a Jar Skin Tint,https://www.sephora.com/product/renewed-hope-in-jar-skin-tint-P417009?icid2=products%20grid:p417009
foundation-makeup,Pretty Vulgar Bird's Nest Blurring Beauty Mousse CC Cream,https://www.sephora.com/product/birds-nest-blurring-beauty-mousse-P419268?skuId=1950351&icid2=products%20grid:p419268
foundation-makeup,lilah b. Marvelous Matte™ Crème Foundation,https://www.sephora.com/product/marvelous-matte-creme-foundation-P434534?icid2=products%20grid:p434534
foundation-makeup,Marc Jacobs Beauty Shameless Youthful-Look 24H Foundation SPF 25,https://www.sephora.com/product/shameless-youthful-look-24h-foundation-spf-25-P427500?skuId=2035947&icid2=products%20grid:p427500
foundation-makeup,Antonym Skin Esteem Organic Liquid Foundation,https://www.sephora.com/product/skin-esteem-organic-liquid-foundation-P425621?icid2=products%20grid:p425621
foundation-makeup,Shiseido Sports BB SPF 50+,https://www.sephora.com/product/sports-bb-spf-50-P442732?skuId=2219673&icid2=products%20grid:p442732
foundation-makeup,Black Up Full Coverage Cream Foundation,https://www.sephora.com/product/full-coverage-cream-foundation-P400889?icid2=products%20grid:p400889
foundation-makeup,Antonym Certified Organic Baked Foundation,https://www.sephora.com/product/certified-organic-baked-foundation-P421435?icid2=products%20grid:p421435
foundation-makeup,Lancôme Bienfait Teinté Beauty Balm Sunscreen Broad Spectrum SPF 30,https://www.sephora.com/product/bienfait-teinte-beauty-balm-sunscreen-broad-spectrum-spf-30-P380690?icid2=products%20grid:p380690
foundation-makeup,Benefit Cosmetics Mini Hello Happy Flawless Brightening Foundation SPF 15,https://www.sephora.com/product/hello-happy-flawless-brightening-foundation-mini-P447358?icid2=products%20grid:p447358
foundation-makeup,Urban Decay Naked Skin Ultra Definition Pressed Finishing Powder,https://www.sephora.com/product/naked-skin-ultra-definition-pressed-finishing-powder-P381170?icid2=products%20grid:p381170
foundation-makeup,bareMinerals bareSkin® Pure Brightening Serum Foundation Broad Spectrum SPF 20,https://www.sephora.com/product/bareskin-pure-brightening-serum-foundation-P385364?icid2=products%20grid:p385364
foundation-makeup,Pretty Vulgar Cool AF Lava Water Foundation,https://www.sephora.com/product/cool-af-lava-water-foundation-P446041?icid2=products%20grid:p446041
lipstick,Dior Rouge Dior Lipstick,https://www.sephora.com/product/rouge-dior-lipstick-P411036?icid2=products%20grid:p411036
lipstick,Dior Mini Rouge Dior Lipstick Set,https://www.sephora.com/product/dior-mini-rouge-dior-lipstick-set-P461151?icid2=products%20grid:p461151
lipstick,FENTY BEAUTY by Rihanna Mattemoiselle Plush Matte Lipstick,https://www.sephora.com/product/mattemoiselle-plush-matte-lipstick-P45874456?icid2=products%20grid:p45874456
lipstick,Yves Saint Laurent Rouge Pur Couture Satin Lipstick Collection,https://www.sephora.com/product/rouge-pur-couture-lipstick-collection-P400701?icid2=products%20grid:p400701
lipstick,Lancôme L'Absolu Lacquer Long-Lasting Liquid Lipstick,https://www.sephora.com/product/l-absolu-lacquer-P431511?skuId=2067544&icid2=products%20grid:p431511
lipstick,Yves Saint Laurent Mini Rouge Pur Couture Lipstick Set,https://www.sephora.com/product/yves-saint-laurent-mini-rouge-pur-coture-lipstick-set-P461214?icid2=products%20grid:p461214
lipstick,SEPHORA COLLECTION Cream Lip Stain Liquid Lipstick,https://www.sephora.com/product/cream-lip-stain-liquid-lipstick-P281411?icid2=products%20grid:p281411
lipstick,KVD Vegan Beauty Everlasting Liquid Lipstick,https://www.sephora.com/product/everlasting-love-liquid-lipstick-P384954?icid2=products%20grid:p384954
lipstick,Marc Jacobs Beauty Le Marc Lip Crème Lipstick,https://www.sephora.com/product/le-marc-lip-creme-P392352?skuId=2159143&icid2=products%20grid:p392352
lipstick,SEPHORA COLLECTION Under the Mistletoe #Lipstories Lipstick Set,https://www.sephora.com/product/sephora-collection-under-mistletoe-lipstories-set-P461494?icid2=products%20grid:p461494
lipstick,MILK MAKEUP Lip + Cheek,https://www.sephora.com/product/lip-cheek-P404799?icid2=products%20grid:p404799
lipstick,FENTY BEAUTY by Rihanna Two Lil Mattemoiselles,https://www.sephora.com/product/two-lil-mattemoiselles-P33105898?icid2=products%20grid:p33105898
lipstick,Charlotte Tilbury Matte Revolution Lipstick,https://www.sephora.com/product/matte-revolution-lipstick-P433530?icid2=products%20grid:p433530
lipstick,Givenchy Le Rouge Perfecto Beautifying Lip Balm,https://www.sephora.com/product/le-rouge-perfecto-beautifying-lip-balm-P410769?icid2=products%20grid:p410769
lipstick,SEPHORA COLLECTION Holiday Kisses #Lipstories Lipstick Ornament,https://www.sephora.com/product/sephora-collection-holiday-kisses-lipstories-ornament-P461495?icid2=products%20grid:p461495
lipstick,NARS Velvet Matte Lipstick Pencil,https://www.sephora.com/product/velvet-matte-lip-pencil-P78834?icid2=products%20grid:p78834
lipstick,Yves Saint Laurent Rouge Volupte Shine Lipstick Balm,https://www.sephora.com/product/rouge-volupte-shine-oil-in-stick-lipstick-P377710?icid2=products%20grid:p377710
lipstick,SEPHORA COLLECTION Wild Wishes Cream Lip Stain Set,https://www.sephora.com/product/sephora-collection-wild-wishes-cream-lip-stain-set-P461517?icid2=products%20grid:p461517
lipstick,Yves Saint Laurent The Slim Glow Matte Lipstick,https://www.sephora.com/product/yves-saint-laurent-the-slim-glow-matte-lipstick-P463666?icid2=products%20grid:p463666
lipstick,HUDA BEAUTY Contour & Strobe Liquid Lip Set,https://www.sephora.com/product/contour-strobe-lip-set-P426365?skuId=2001659&icid2=products%20grid:p426365
lipstick,FENTY BEAUTY by Rihanna Stunna Lip Paint Longwear Fluid Lip Color,https://www.sephora.com/product/stunna-lip-paint-P39787544?icid2=products%20grid:p39787544
lipstick,tarte SEA H2O Lip Gloss,https://www.sephora.com/product/sea-h2o-lip-gloss-P429612?icid2=products%20grid:p429612
lipstick,tarte SEA Color Splash Lipstick,https://www.sephora.com/product/sea-color-splash-lipstick-P416418?icid2=products%20grid:p416418
lipstick,Yves Saint Laurent Rouge Volupté Shine Oil-In-Stick Lipstick Collector's Edition,https://www.sephora.com/product/yves-saint-laurent-rouge-volupte-shine-oil-in-stick-lipstick-collector-s-edition-P454360?skuId=2326197&icid2=products%20grid:p454360
lipstick,NARS Powermatte Lip Pigment,https://www.sephora.com/product/powermatte-lip-pigment-P421485?icid2=products%20grid:p421485
lipstick,Charlotte Tilbury Matte Revolution Lipstick- Pillow Talk Collection,https://www.sephora.com/product/charlotte-tilbury-matte-revolution-lipstick-intense-pillow-talk-collection-P454508?icid2=products%20grid:p454508
lipstick,Too Faced Melted Matte Liquid Lipstick,https://www.sephora.com/product/melted-matte-liquified-long-wear-matte-lipstick-P407636?skuId=1789403&icid2=products%20grid:p407636
lipstick,Rare Beauty by Selena Gomez Lip Souffle Matte Cream Lipstick,https://www.sephora.com/product/rare-beauty-by-selena-gomez-lip-souffle-matte-cream-lipstick-P87987897?icid2=products%20grid:p87987897
lipstick,Yves Saint Laurent Rouge Volupte Shine Lipstick Love Collector's Edition,https://www.sephora.com/product/yves-saint-laurent-rouge-volupte-shine-lipstick-love-collector-s-edition-P458275?icid2=products%20grid:p458275
lipstick,CLINIQUE Almost Lipstick Duo,https://www.sephora.com/product/clinique-almost-lipstick-duo-P463618?icid2=products%20grid:p463618
lipstick,Armani Beauty Lip Maestro Liquid Matte Lipstick,https://www.sephora.com/product/lip-maestro-liquid-lipstick-P393411?icid2=products%20grid:p393411
lipstick,Yves Saint Laurent Rouge Volupte Rock'N Shine Lipstick,https://www.sephora.com/product/yves-saint-laurent-rouge-volupte-rock-n-shine-lipstick-P454359?skuId=2326072&icid2=products%20grid:p454359
lipstick,HUDA BEAUTY Power Bullet Matte Lipstick,https://www.sephora.com/product/power-bullet-matte-lipstick-P441880?icid2=products%20grid:p441880
lipstick,NARS Velvet Matte Lipstick Pencil Duo,https://www.sephora.com/product/velvet-matte-lip-pencil-duo-P408115?icid2=products%20grid:p408115
lipstick,PAT McGRATH LABS MatteTrance™ Lipstick,https://www.sephora.com/product/mattetrance-lipstick-P421813?icid2=products%20grid:p421813
lipstick,Christian Louboutin Velvet Matte Lip Colour,https://www.sephora.com/product/velvet-matte-lip-colour-P400560?icid2=products%20grid:p400560
lipstick,MAKE UP FOR EVER Artist Liquid Matte Lipstick,https://www.sephora.com/product/artist-liquid-matte-P416156?skuId=1911817&icid2=products%20grid:p416156
lipstick,Givenchy Le Rouge Lipstick,https://www.sephora.com/product/le-rouge-P377755?icid2=products%20grid:p377755
lipstick,NARS Lipstick,https://www.sephora.com/product/lipstick-P448502?icid2=products%20grid:p448502
lipstick,Givenchy Rouge Interdit Satin Lipstick,https://www.sephora.com/product/rouge-interdit-satin-lipstick-P181912?skuId=1904051&icid2=products%20grid:p181912
lipstick,TOM FORD Lip Color Sheer,https://www.sephora.com/product/lip-color-sheer-P407140?skuId=1813757&icid2=products%20grid:p407140
lipstick,SEPHORA COLLECTION #LIPSTORIES Lipstick,https://www.sephora.com/product/lipstories-lipstick-P424915?icid2=products%20grid:p424915
lipstick,Givenchy Le Rose Perfecto Color Lip Balm,https://www.sephora.com/product/le-rose-perfecto-P440027?icid2=products%20grid:p440027
lipstick,HUDA BEAUTY Liquid Matte Lipstick,https://www.sephora.com/product/huda-beauty-liquid-matte-lipstick-P411320?icid2=products%20grid:p411320
lipstick,KVD Vegan Beauty Kitten Mini Everlasting Liquid Lipstick,https://www.sephora.com/product/mini-everlasting-liquid-lipstick-P442953?icid2=products%20grid:p442953
lipstick,FENTY BEAUTY by Rihanna Poutsicle Juicy Satin Lipstick,https://www.sephora.com/product/poutsicle-juicy-satin-lipstick-P33701948?skuId=2225878&icid2=products%20grid:p33701948
lipstick,ILIA Multi-Stick Cheek & Lip,https://www.sephora.com/product/multi-stick-P411848?icid2=products%20grid:p411848
lipstick,Armani Beauty Lip Magnet Liquid Lipstick,https://www.sephora.com/product/lip-magnet-liquid-lipstick-P413933?skuId=1875392&icid2=products%20grid:p413933
lipstick,bareMinerals GEN NUDE™ Liquid Lipstick,https://www.sephora.com/product/gen-nude-matte-liquid-lipcolor-P410249?icid2=products%20grid:p410249
lipstick,HUDA BEAUTY Mini Power Bullet Matte Lipstick Duo,https://www.sephora.com/product/huda-beauty-mini-power-bullet-matte-lipstick-duo-P465762?icid2=products%20grid:p465762
lipstick,IT Cosmetics Pillow Lips Collagen-Infused Lipstick,https://www.sephora.com/product/it-cosmetics-pillow-lips-collagen-infused-lipstick-P454064?icid2=products%20grid:p454064
lipstick,NARS The Multiple,https://www.sephora.com/product/the-multiple-P2866?icid2=products%20grid:p2866
lipstick,SEPHORA COLLECTION Rouge Smooth Shine Lip Crayon,https://www.sephora.com/product/rouge-smooth-shine-lip-crayon-P439037?icid2=products%20grid:p439037
lipstick,KVD Vegan Beauty Studded Kiss Crème Lipstick,https://www.sephora.com/product/studded-kiss-creme-lipstick-P427646?icid2=products%20grid:p427646
lipstick,MAKE UP FOR EVER Rouge Artist Lipstick,https://www.sephora.com/product/make-up-for-ever-rouge-artist-lipstick-P462883?icid2=products%20grid:p462883
lipstick,bareMinerals BAREPRO® Longwear Matte Lipstick,https://www.sephora.com/product/barepro-r-longwear-lipstick-P440272?icid2=products%20grid:p440272
lipstick,PAT McGRATH LABS BlitzTrance™ Lipstick - StarGlaze,https://www.sephora.com/product/pat-mcgrath-labs-rainbow-blitztrance-lipstick-P463925?icid2=products%20grid:p463925
lipstick,Gucci Rouge à Lèvres Mat Matte Lipstick,https://www.sephora.com/product/gucci-gucci-rouge-a-levres-mat-matte-lipstick-P453273?icid2=products%20grid:p453273
lipstick,Bite Beauty Power Move Creamy Matte Lip Crayon,https://www.sephora.com/product/bite-beauty-power-move-creamy-matte-lip-crayon-vegan-P454746?icid2=products%20grid:p454746
lipstick,Marc Jacobs Beauty Le Marc Lip Crème Lipstick – Very Merry Cherry Edition,https://www.sephora.com/product/marc-jacobs-beauty-le-marc-lipstick-oh-miley-limited-edition-P463902?icid2=products%20grid:p463902
lipstick,Anastasia Beverly Hills Liquid Lipstick,https://www.sephora.com/product/liquid-lipstick-P404831?icid2=products%20grid:p404831
lipstick,Dior Dior Addict Lip Tattoo,https://www.sephora.com/product/lip-tattoo-P419525?icid2=products%20grid:p419525
lipstick,PAT McGRATH LABS Mini MatteTrance™ Lipstick Trio,https://www.sephora.com/product/lust-mini-mattetrance-lipstick-skin-show-trio-P434529?icid2=products%20grid:p434529
lipstick,HUDA BEAUTY Power Bullet Matte Lipstick - Throwback Collection,https://www.sephora.com/product/power-bullet-matte-lipstick-P450511?icid2=products%20grid:p450511
lipstick,tarte Tarteist™ Quick Dry Matte Lip Paint,https://www.sephora.com/product/tarteist-quick-dry-matte-lip-paint-P63087456?icid2=products%20grid:p63087456
lipstick,Marc Jacobs Beauty Le Marc Lip Frost Lipstick,https://www.sephora.com/product/le-marc-lip-frost-lipstick-P439432?icid2=products%20grid:p439432
lipstick,Anastasia Beverly Hills Matte Lipstick,https://www.sephora.com/product/matte-lipstick-P422512?icid2=products%20grid:p422512
lipstick,Givenchy Le Rouge Holiday Edition Lipstick,https://www.sephora.com/product/givenchy-le-rouge-holiday-edition-lipstick-P464249?icid2=products%20grid:p464249
lipstick,Smashbox Always On Longwear Matte Liquid Lipstick,https://www.sephora.com/product/always-on-matte-liquid-lipstick-P409317?icid2=products%20grid:p409317
lipstick,Yves Saint Laurent Tatouage Couture Liquid Matte Lip Stain,https://www.sephora.com/product/tatouage-couture-matte-stain-P423327?skuId=2121234&icid2=products%20grid:p423327
lipstick,Yves Saint Laurent Black Opium & Rouge Volupte Shine Lipstick Mini Set,https://www.sephora.com/product/yves-saint-laurent-black-opium-rouge-volupte-shine-lipstick-mini-set-P462758?icid2=products%20grid:p462758
lipstick,Urban Decay Vice Lipstick,https://www.sephora.com/product/vice-lipstick-P409523?icid2=products%20grid:p409523
lipstick,TOM FORD Lip Color Lipstick,https://www.sephora.com/product/lip-color-P416057?icid2=products%20grid:p416057
lipstick,FENTY BEAUTY by Rihanna Slip Shine Sheer Shiny Lipstick,https://www.sephora.com/product/fenty-beauty-rihanna-slip-shine-sheer-shiny-lipstick-P67339785?icid2=products%20grid:p67339785
lipstick,Givenchy Mini Magic Lip Duo Set,https://www.sephora.com/product/le-rouge-perfecto-rouge-interdit-vinyl-duo-botf-P433849?icid2=products%20grid:p433849
lipstick,Too Faced Peach Kiss Comfort Matte Long Wear Lipstick – Peaches and Cream Collection,https://www.sephora.com/product/peach-kiss-moisture-matte-long-wear-lipstick-peaches-cream-collection-P422600?icid2=products%20grid:p422600
lipstick,Charlotte Tilbury K.I.S.S.I.N.G Lipstick,https://www.sephora.com/product/k-i-s-s-i-n-g-lipstick-P433531?icid2=products%20grid:p433531
lipstick,SEPHORA COLLECTION Rouge Lip Tint,https://www.sephora.com/product/rouge-lip-tint-P415405?icid2=products%20grid:p415405
lipstick,MAKEUP BY MARIO Master Mattes™ Pro Lip Palette,https://www.sephora.com/product/makeup-by-mario-master-mattes-trade-pro-lip-palette-P465780?icid2=products%20grid:p465780
lipstick,CLINIQUE Almost Lipstick,https://www.sephora.com/product/almost-lipstick-P122751?icid2=products%20grid:p122751
lipstick,Gucci Rouge à Lèvres Voile Sheer Lipstick,https://www.sephora.com/product/gucci-rouge-agrave-l-egrave-vres-voile-sheer-lipstick-P452737?icid2=products%20grid:p452737
lipstick,Charlotte Tilbury Superstar Lips Lipstick,https://www.sephora.com/product/superstar-lips-lipstick-P446610?icid2=products%20grid:p446610
lipstick,KVD Vegan Beauty Kitten Mini Smoke & Mirrors Grayscale Mini Lip Everlasting Liquid Lip Duo,https://www.sephora.com/product/smoke-mirrors-grayscale-mini-lip-everlasting-liquid-lip-duo-P421290?icid2=products%20grid:p421290
lipstick,Charlotte Tilbury Matte Revolution Lipstick - Scarlet Spell,https://www.sephora.com/product/charlotte-tilbury-matte-revolution-lipstick-scarlet-spell-P463819?icid2=products%20grid:p463819
lipstick,TOM FORD Most Wanted Lip Color Lipstick Collection,https://www.sephora.com/product/tom-ford-most-wanted-lip-color-lipstick-collection-P458271?icid2=products%20grid:p458271
lipstick,Charlotte Tilbury Hot Lips Lipstick,https://www.sephora.com/product/hot-lips-lipstick-P434100?icid2=products%20grid:p434100
lipstick,Ciaté London Glitter Flip,https://www.sephora.com/product/glitter-flip-P422513?icid2=products%20grid:p422513
lipstick,Yves Saint Laurent Tatouage Couture Velvet Cream Matte Liquid Lipstick,https://www.sephora.com/product/yves-saint-laurent-tatouage-couture-velvet-cream-liquid-lipstick-P457250?icid2=products%20grid:p457250
lipstick,Yves Saint Laurent Rouge Pur Couture The Slim Matte Lipstick,https://www.sephora.com/product/rouge-pur-couture-matte-slim-lipstick-P436506?icid2=products%20grid:p436506
lipstick,Guerlain Rouge G Customizable Lipstick,https://www.sephora.com/product/rouge-g-customizable-lipstick-bullet-P429915?icid2=products%20grid:p429915
lipstick,Charlotte Tilbury Superstar Lips Lipstick - Pillow Talk Collection,https://www.sephora.com/product/charlotte-tilbury-superstar-lips-lipstick-pillow-talk-collection-P455322?icid2=products%20grid:p455322
lipstick,Armani Beauty Ecstasy Mirror High Shine Lip Gloss,https://www.sephora.com/product/giorgio-armani-beauty-ecstasy-mirror-shine-lacquer-P460423?icid2=products%20grid:p460423
lipstick,MAKE UP FOR EVER Rouge Artist Sparkle Lipstick,https://www.sephora.com/product/make-up-for-ever-rouge-artist-sparkle-lipstick-P464786?icid2=products%20grid:p464786
lipstick,Dior Dior Addict Stellar Shine Lipstick,https://www.sephora.com/product/dior-addict-stellar-shine-lipstick-P443319?icid2=products%20grid:p443319
lipstick,Givenchy Le Rouge Deep Velvet Matte Lipstick,https://www.sephora.com/product/le-rouge-deep-velvet-lipstick-P448881?icid2=products%20grid:p448881
lipstick,Gucci Rouge à Lèvres Satin Lipstick,https://www.sephora.com/product/gucci-rouge-agrave-l-egrave-vres-satin-lipstick-P452736?icid2=products%20grid:p452736
lipstick,bareMinerals GEN NUDE™ Radiant Lipstick,https://www.sephora.com/product/gen-nude-radiant-lipstick-P410248?icid2=products%20grid:p410248
lipstick,SEPHORA COLLECTION Lilly Lashes x Sephora Collection - Lip Set,https://www.sephora.com/product/lilly-lashes-x-sephora-collection-lip-set-P446313?icid2=products%20grid:p446313
lipstick,tarte Tarteist™ Creamy Matte Lip Paint,https://www.sephora.com/product/tarteist-lip-paint-P403800?icid2=products%20grid:p403800
lipstick,TOM FORD Extreme Lip Spark Lipstick,https://www.sephora.com/product/extreme-lip-spark-P445435?icid2=products%20grid:p445435
lipstick,Marc Jacobs Beauty Le Marc Liquid Lip Crayon,https://www.sephora.com/product/le-marc-liquid-lip-crayon-P425209?icid2=products%20grid:p425209
lipstick,Charlotte Tilbury Hot Lips Lipstick 2,https://www.sephora.com/product/hot-lips-lipstick-2-0-P446609?icid2=products%20grid:p446609
lipstick,PAT McGRATH LABS LuxeTrance™ Lipstick,https://www.sephora.com/product/luxetrance-trade-lipstick-P423642?skuId=2005908&icid2=products%20grid:p423642
lipstick,Marc Jacobs Beauty Kiss Pop Lipstick,https://www.sephora.com/product/kiss-pop-lip-color-stick-P387037?icid2=products%20grid:p387037
lipstick,Givenchy Rouge Interdit Vinyl Color Enhancing Lipstick,https://www.sephora.com/product/rouge-interdit-vinyl-color-enhancing-lipstick-P405231?icid2=products%20grid:p405231
lipstick,Natasha Denona I Need A Nude Lipstick,https://www.sephora.com/product/i-need-nude-lipstick-P448848?icid2=products%20grid:p448848
lipstick,SEPHORA COLLECTION Rouge Lacquer Lipstick,https://www.sephora.com/product/rouge-lacquer-P443336?icid2=products%20grid:p443336
lipstick,TOM FORD Lip Color Matte Lipstick,https://www.sephora.com/product/lip-color-matte-lipstick-P416222?icid2=products%20grid:p416222
lipstick,ILIA Tinted Lip Conditioner,https://www.sephora.com/product/tinted-lip-conditioner-P411850?icid2=products%20grid:p411850
lipstick,Anastasia Beverly Hills Lip Stain,https://www.sephora.com/product/anastasia-beverly-hills-lip-stain-P462329?icid2=products%20grid:p462329
lipstick,Bobbi Brown Luxe Lipstick,https://www.sephora.com/product/luxe-lip-color-P400625?icid2=products%20grid:p400625
lipstick,BECCA Cosmetics Ultimate Lipstick Love,https://www.sephora.com/product/ultimate-lipstick-love-P441237?icid2=products%20grid:p441237
lipstick,Dior Rouge Dior Ultra Care Liquid Lipstick,https://www.sephora.com/product/rouge-dior-ultra-care-liquid-lipstick-P450457?icid2=products%20grid:p450457
lipstick,TOM FORD Lost Cherry Lip Color,https://www.sephora.com/product/lost-cherry-lip-color-P440968?icid2=products%20grid:p440968
lipstick,Givenchy Le Rouge Night Noir Lipstick,https://www.sephora.com/product/le-rouge-night-noir-lipstick-P448882?skuId=2236149&icid2=products%20grid:p448882
lipstick,HUDA BEAUTY Demi Matte Cream Liquid Lipstick,https://www.sephora.com/product/demi-matte-cream-lipstick-P54654321?icid2=products%20grid:p54654321
lipstick,Lancôme L'Absolu Rouge Drama Matte Lipstick,https://www.sephora.com/product/l-absolu-rouge-drama-matte-P437230?icid2=products%20grid:p437230
lipstick,Kiehl's Since 1851 Butterstick Lip Treatment SPF 30,https://www.sephora.com/product/butterstick-lip-treatment-spf-25-P422274?icid2=products%20grid:p422274
lipstick,NARS Audacious Lipstick,https://www.sephora.com/product/audacious-lipstick-P387906?icid2=products%20grid:p387906
lipstick,Gucci Rouge à Lèvres Lunaison Glitter Lipstick,https://www.sephora.com/product/gucci-gucci-rouge-levres-lunaison-glitter-lipstick-P465323?icid2=products%20grid:p465323
lipstick,ILIA Color Block High Impact Lipstick,https://www.sephora.com/product/color-block-high-impact-lipstick-P436270?icid2=products%20grid:p436270
lipstick,Dior Dior Addict Halo Shine Lipstick,https://www.sephora.com/product/dior-dior-addict-stellar-halo-shine-P456597?icid2=products%20grid:p456597
lipstick,Guerlain Rouge G Customizable Lipstick Case,https://www.sephora.com/product/rouge-g-customizable-lipstick-case-P429916?icid2=products%20grid:p429916
lipstick,SEPHORA COLLECTION #LIPSTORIES Lip Balm,https://www.sephora.com/product/sephora-collection-35-lipstories-lip-balm-P460717?icid2=products%20grid:p460717
lipstick,Bite Beauty Crystal Crème Shimmer Lip Crayon,https://www.sephora.com/product/crystal-creme-shimmer-lip-crayon-P439942?icid2=products%20grid:p439942
lipstick,Bite Beauty Mini Nude Lipstick Crayon Duo Set,https://www.sephora.com/product/bite-beauty-nude-lip-crayon-duo-P457658?icid2=products%20grid:p457658
lipstick,Bobbi Brown Crushed Liquid Lipstick,https://www.sephora.com/product/crushed-liquid-lip-P439913?icid2=products%20grid:p439913
lipstick,Kosas Weightless Lip Color Lipstick,https://www.sephora.com/product/weightless-lip-color-P441883?icid2=products%20grid:p441883
lipstick,HUDA BEAUTY Power Bullet Metallic Lipstick,https://www.sephora.com/product/power-bullet-metallic-lipstick-P439651?skuId=2156180&icid2=products%20grid:p439651
lipstick,NUDESTIX Mini Nudies 3-Piece Kit,https://www.sephora.com/product/mini-nudies-3-piece-kit-P447737?icid2=products%20grid:p447737
lipstick,PAT McGRATH LABS FemmeBot Fetish Lip Trio,https://www.sephora.com/product/pat-mcgrath-labs-mini-fembot-fetish-balm-trios-P463102?icid2=products%20grid:p463102
lipstick,bareMinerals Gen Nude Patent Liquid Lipstick,https://www.sephora.com/product/gen-nude-patent-lip-lacquer-P427617?icid2=products%20grid:p427617
lipstick,KVD Vegan Beauty Kitten Mini: Matte Meets Vinyl Liquid Lipstick and Lip Gloss Lolita Set,https://www.sephora.com/product/kvd-vegan-beauty-kitten-mini-matte-meets-vinyl-everlasting-liquid-lipstick-xo-vinyl-lip-cream-lip-gloss-set-P458279?icid2=products%20grid:p458279
lipstick,PATRICK TA Major Beauty Headlines - Matte Suede Lipstick,https://www.sephora.com/product/patrick-ta-major-headlines-matte-suede-lipstick-P458748?icid2=products%20grid:p458748
lipstick,Armani Beauty Rouge D'Armani Matte Lipstick,https://www.sephora.com/product/rouge-d-armani-matte-lipstick-P436062?icid2=products%20grid:p436062
lipstick,NARS Satin Lipstick Pencil,https://www.sephora.com/product/satin-lip-pencil-P378859?icid2=products%20grid:p378859
lipstick,bareMinerals Mineralist Hydra-Smoothing Lipstick,https://www.sephora.com/product/bareminerals-mineralist-hydra-smoothing-lipstick-P455324?icid2=products%20grid:p455324
lipstick,Givenchy Rouge Interdit Vinyl Color Enhancing Lipstick - 16 Noir Revelateur,https://www.sephora.com/product/rouge-interdit-vinyl-color-enhancing-lipstick-16-noir-revelateur-name-tbd-P419605?icid2=products%20grid:p419605
lipstick,Laura Mercier Rouge Essentiel Silky Cream Lipstick,https://www.sephora.com/product/rouge-essentiel-silky-creme-lipstick-P443744?icid2=products%20grid:p443744
lipstick,Kaja Two of Hearts Heart-Shaped Lip Duo,https://www.sephora.com/product/kaja-two-hearts-heart-shaped-lip-duo-P465331?icid2=products%20grid:p465331
lipstick,Christian Louboutin Silky Satin Lip Colour,https://www.sephora.com/product/silky-satin-lip-colour-P400556?icid2=products%20grid:p400556
lipstick,Charlotte Tilbury Matte Revolution Lipstick - Walk of No Shame Collection,https://www.sephora.com/product/charlotte-tilbury-matte-revolution-lipstick-walk-no-shame-collection-P462848?icid2=products%20grid:p462848
lipstick,PAT McGRATH LABS MatteTrance™ Lipstick Pavé - Celestial Divinity Collection,https://www.sephora.com/product/pat-mcgrath-labs-mattetrance-lipstick-pave-celestial-divinity-collection-P463930?icid2=products%20grid:p463930
lipstick,Hourglass Unreal™ High Shine Volumizing Lip Gloss,https://www.sephora.com/product/unreal-volumizing-high-shine-lip-gloss-P444425?icid2=products%20grid:p444425
lipstick,Givenchy Le Rouge Metallic Lipstick,https://www.sephora.com/product/givenchy-le-rouge-metallic-finish-lipstick-P454976?icid2=products%20grid:p454976
lipstick,Smashbox Always On Cream to Matte Lipstick,https://www.sephora.com/product/smashbox-always-on-cream-to-matte-lipstick-P454512?icid2=products%20grid:p454512
lipstick,Hourglass Confession™ Ultra Slim High Intensity Refillable Lipstick,https://www.sephora.com/product/confession-ultra-slim-high-intensity-refillable-lipstick-P420411?icid2=products%20grid:p420411
lipstick,Bobbi Brown Crushed Lip Color,https://www.sephora.com/product/crushed-lip-color-P422224?icid2=products%20grid:p422224
lipstick,CLINIQUE Pop Lip Colour + Primer,https://www.sephora.com/product/clinique-pop-lip-colour-primer-P395524?icid2=products%20grid:p395524
lipstick,Anastasia Beverly Hills Lipstick In Praline Shade - Limited Edition,https://www.sephora.com/product/anastasia-beverly-hills-lipstick-limited-edition-P463781?icid2=products%20grid:p463781
lipstick,Hourglass GIRL Lip Stylo,https://www.sephora.com/product/girl-lip-stylo-P415641?icid2=products%20grid:p415641
lipstick,Dior Rouge Dior Ultra Rouge Lipstick,https://www.sephora.com/product/rouge-dior-ultra-rouge-lipstick-P436859?icid2=products%20grid:p436859
lipstick,Bobbi Brown Art Stick,https://www.sephora.com/product/art-stick-P385587?icid2=products%20grid:p385587
lipstick,Kaja Cutie Bento Creamy Lip & Cheek Duo,https://www.sephora.com/product/kaja-cutie-bento-creamy-lip-cheek-duo-P459259?icid2=products%20grid:p459259
lipstick,tarte Lippie Lingerie Matte Lip Tint,https://www.sephora.com/product/lippie-lingerie-matte-lip-tint-P408285?icid2=products%20grid:p408285
lipstick,TOM FORD Satin Matte Lip Color,https://www.sephora.com/product/satin-matte-P435852?icid2=products%20grid:p435852
lipstick,MILK MAKEUP Glow Oil Lip + Cheek,https://www.sephora.com/product/glow-oil-lip-cheek-P445510?icid2=products%20grid:p445510
lipstick,Laura Mercier Velour Extreme Matte Lipstick,https://www.sephora.com/product/velour-extreme-matte-lipstick-P427041?icid2=products%20grid:p427041
lipstick,Lancôme L'Absolu Rouge Lipstick,https://www.sephora.com/product/l-absolu-rouge-P244911?icid2=products%20grid:p244911
lipstick,Bobbi Brown Lipstick,https://www.sephora.com/product/lip-color-P270541?icid2=products%20grid:p270541
lipstick,SEPHORA COLLECTION Melting Lip Clicks Lip Balm,https://www.sephora.com/product/melting-lip-clicks-P432080?icid2=products%20grid:p432080
lipstick,Jouer Cosmetics Blush & Bloom Cheek + Lip Duo,https://www.sephora.com/product/jouer-cosmetics-blush-bloom-cheek-lip-duo-P463464?icid2=products%20grid:p463464
lipstick,Yves Saint Laurent Vinyl Cream Lip Stain,https://www.sephora.com/product/rouge-pur-couture-vernis-l-vres-vinyl-cream-P410743?icid2=products%20grid:p410743
lipstick,CLINIQUE Dramatically Different Lipstick Shaping Lip Colour,https://www.sephora.com/product/dramatically-different-lipstick-shaping-lip-colour-P436505?icid2=products%20grid:p436505
lipstick,CLINIQUE Chubby Stick Intense Moisturizing Lip Colour Balm,https://www.sephora.com/product/chubby-stick-intense-moisturizing-lip-colour-balm-P377218?icid2=products%20grid:p377218
lipstick,Dior Dior Addict Lacquer Stick,https://www.sephora.com/product/dior-addict-lacquer-stick-P418225?icid2=products%20grid:p418225
lipstick,HUDA BEAUTY Lip Strobe Metallic Gloss,https://www.sephora.com/product/lip-strobe-P421781?icid2=products%20grid:p421781
lipstick,SEPHORA COLLECTION #LIPSTORIES Destinations,https://www.sephora.com/product/lipstores-destination-P443309?icid2=products%20grid:p443309
lipstick,Lancôme L’Absolu Rouge Ruby Cream Lipstick,https://www.sephora.com/product/la-absolu-rouge-ruby-cream-lipstick-P449109?icid2=products%20grid:p449109
lipstick,Yves Saint Laurent Rouge Volupte Shine Lipstick Balm Holiday Edition,https://www.sephora.com/product/yves-saint-laurent-rouge-volupte-shine-lipstick-balm-holiday-edition-P464323?icid2=products%20grid:p464323
lipstick,Charlotte Tilbury K.I.S.S.I.N.G Lipstick - Pillow Talk Collection,https://www.sephora.com/product/charlotte-tilbury-k-i-s-s-i-n-g-lipstick-pillow-talk-P454351?icid2=products%20grid:p454351
lipstick,Smashbox Be Legendary Cream Lipstick,https://www.sephora.com/product/be-legendary-lipstick-P304704?icid2=products%20grid:p304704
lipstick,TOM FORD Ultra Shine Lip Color,https://www.sephora.com/product/ultra-shine-lip-color-P429018?icid2=products%20grid:p429018
lipstick,NUDESTIX Intense Matte Lip + Cheek Pencil,https://www.sephora.com/product/intense-matte-lip-cheek-pencil-P405290?icid2=products%20grid:p405290
lipstick,Melt Cosmetics Liquid Lipstick,https://www.sephora.com/product/liquid-set-lipstick-P444548?icid2=products%20grid:p444548
lipstick,MILK MAKEUP Lip Color,https://www.sephora.com/product/lip-color-P442246?icid2=products%20grid:p442246
lipstick,Gucci Rouge à Lèvres Gothique Metallic Lipstick,https://www.sephora.com/product/gucci-rouge-a-levres-gothique-metallic-lipstick-P454991?icid2=products%20grid:p454991
lipstick,Too Faced Natural Nudes Lipstick,https://www.sephora.com/product/natural-nudes-lipstick-P429601?skuId=2064244&icid2=products%20grid:p429601
lipstick,SEPHORA COLLECTION Lip Last Matte Lipstick,https://www.sephora.com/product/sephora-collection-lip-last-matte-lipstick-P460716?icid2=products%20grid:p460716
lipstick,Charlotte Tilbury Hollywood Lips Liquid Lipstick,https://www.sephora.com/product/hollywood-lips-P433865?icid2=products%20grid:p433865
lipstick,PAT McGRATH LABS Mini Lip Gloss Trio - Lunar New Year Limited Edition,https://www.sephora.com/product/pat-mcgrath-labs-lunar-new-year-lipstick-trio-limited-edition-P454510?icid2=products%20grid:p454510
lipstick,PAT McGRATH LABS BlitzTrance™ Lipstick,https://www.sephora.com/product/blitztrance-lipstick-P439070?icid2=products%20grid:p439070
lipstick,Jouer Cosmetics Long-Wear Lip Crème Liquid Lipstick,https://www.sephora.com/product/long-wear-lip-creme-liquid-lipstick-P434019?icid2=products%20grid:p434019
lipstick,SEPHORA COLLECTION Color Lip Last Lipstick,https://www.sephora.com/product/color-lip-last-lipstick-P313004?icid2=products%20grid:p313004
lipstick,PATRICK TA Major Beauty Headlines - Precision Lip Crayon,https://www.sephora.com/product/patrick-ta-major-headlines-precision-lip-crayon-P458749?icid2=products%20grid:p458749
lipstick,NARS VIP Audacious Lipstick,https://www.sephora.com/product/nars-vip-audacious-lipstick-P464275?icid2=products%20grid:p464275
lipstick,surratt beauty Prismatique Lipstick,https://www.sephora.com/product/prismatique-lips-P402704?icid2=products%20grid:p402704
lipstick,Ciaté London Pretty Stix Murumuru Butter Lipstick,https://www.sephora.com/product/pretty-stix-murumuru-butter-lipstick-P409067?icid2=products%20grid:p409067
lipstick,Yves Saint Laurent Rouge Pur Couture The Slim Sheer Matte Lipstick,https://www.sephora.com/product/rouge-pur-couture-slim-sheer-matte-lipstick-P449787?icid2=products%20grid:p449787
lipstick,PAT McGRATH LABS MatteTrance™ Lipstick - Divine Rose Collection,https://www.sephora.com/product/pat-mcgrath-labs-mattetrance-lipstick-divine-rose-collection-P458775?icid2=products%20grid:p458775
lipstick,TOM FORD Most Wanted Mini Clutch Lip Color Lipstick,https://www.sephora.com/product/tom-ford-mini-clutch-lip-color-lipstick-P458272?icid2=products%20grid:p458272
lipstick,Bobbi Brown Luxe Matte Lipstick,https://www.sephora.com/product/luxe-matte-lipstick-P434383?icid2=products%20grid:p434383
lipstick,LAWLESS Satin Luxe Classic Cream Lipstick,https://www.sephora.com/product/lawless-classic-cream-lipstick-P454981?icid2=products%20grid:p454981
lipstick,KVD Vegan Beauty XO Vinyl Lip Cream Lip Gloss,https://www.sephora.com/product/kvd-vegan-beauty-xo-vinyl-lip-cream-liquid-lipstick-P454032?icid2=products%20grid:p454032
lipstick,Yves Saint Laurent Glossy Stain Lip Color,https://www.sephora.com/product/glossy-stain-lip-gloss-P304003?icid2=products%20grid:p304003
lipstick,PAT McGRATH LABS MatteTrance™ Lipstick - Celestial Divinity Collection,https://www.sephora.com/product/pat-mcgrath-labs-special-deco-mattetrance-lipstick-P463923?icid2=products%20grid:p463923
lipstick,Kaja Air Heart Lightweight Natural Finish Lipstick,https://www.sephora.com/product/kaja-air-heart-lightweight-natural-finish-lipstick-P454034?icid2=products%20grid:p454034
lipstick,CLINIQUE Pop Matte Lip Colour + Primer,https://www.sephora.com/product/pop-matte-lip-colour-primer-P410815?icid2=products%20grid:p410815
lipstick,Yves Saint Laurent Rouge Pur Couture Lipstick Holiday Edition,https://www.sephora.com/product/yves-saint-laurent-rouge-pur-couture-lipstick-holiday-edition-P464322?icid2=products%20grid:p464322
lipstick,Anastasia Beverly Hills Liquid Lipstick in Trouble,https://www.sephora.com/product/liquid-lipstick-P423923?icid2=products%20grid:p423923
lipstick,Christian Louboutin Sheer Voile Lip Colour,https://www.sephora.com/product/sheer-voile-lip-colour-P400558?icid2=products%20grid:p400558
lipstick,Shiseido Modern Matte Powder Lipstick,https://www.sephora.com/product/modernmatte-powder-lipstick-P435414?icid2=products%20grid:p435414
lipstick,Artist Couture Silk Cream Lipstick,https://www.sephora.com/product/artist-couture-nudes-collection-silk-creme-lipstick-P456967?icid2=products%20grid:p456967
lipstick,Melt Cosmetics Lipstick,https://www.sephora.com/product/lipstick-P444551?icid2=products%20grid:p444551
lipstick,Hourglass Confession™ Ultra Slim High Intensity Lipstick Refill,https://www.sephora.com/product/confession-ultra-slim-high-intensity-lipstick-refill-P420410?icid2=products%20grid:p420410
lipstick,surratt beauty Automatique Lip Crayon,https://www.sephora.com/product/automatique-lip-crayon-P394179?icid2=products%20grid:p394179
lipstick,Smashbox Be Legendary Liquid Lip,https://www.sephora.com/product/be-legendary-liquid-pigment-P416413?icid2=products%20grid:p416413
lipstick,MAKE UP FOR EVER Artist Nude Creme Liquid Lipstick,https://www.sephora.com/product/artist-nude-creme-liquid-lipstick-P445728?icid2=products%20grid:p445728
lipstick,Dior Rouge Dior Ultra Care Lipstick,https://www.sephora.com/product/rouge-dior-ultra-care-lipstick-P449370?icid2=products%20grid:p449370
lipstick,SEPHORA COLLECTION Wild Wishes Multi-Use Powders,https://www.sephora.com/product/sephora-collection-wild-wishes-multi-use-powders-P462401?icid2=products%20grid:p462401
lipstick,SEPHORA COLLECTION Cream Lip Stain Liquid Lipstick,https://www.sephora.com/product/cream-lip-stain-liquid-lipstick-P436320?icid2=products%20grid:p436320
lipstick,Shiseido VisionAiry Gel Lipstick,https://www.sephora.com/product/visionairy-gel-lipstick-P435416?icid2=products%20grid:p435416
lipstick,SEPHORA COLLECTION Color Flush Lip And Cheek Stick Set,https://www.sephora.com/product/sephora-collection-color-flush-lip-cheek-stick-set-P457437?icid2=products%20grid:p457437
lipstick,SEPHORA COLLECTION #LIPSTORIES Natural Wonders Lipstick,https://www.sephora.com/product/sephora-collection-lipstories-natural-wonders-lipstick-P457431?icid2=products%20grid:p457431
lipstick,TOM FORD Fucking Fabulous Lip Color,https://www.sephora.com/product/fucking-fabulous-lip-color-P438345?icid2=products%20grid:p438345
lipstick,Shiseido Color Gel Lip Balm,https://www.sephora.com/product/color-gel-lip-balm-P443795?icid2=products%20grid:p443795
lipstick,Hourglass Opaque Rouge Liquid Lipstick,https://www.sephora.com/product/opaque-rouge-liquid-lipstick-P375384?icid2=products%20grid:p375384
lipstick,Charlotte Tilbury Superstar Lips Lipstick - Walk of No Shame Collection,https://www.sephora.com/product/charlotte-tilbury-superstar-lips-lipstick-walk-no-shame-collection-P462849?icid2=products%20grid:p462849
lipstick,Ciaté London Liquid Velvet™ - Moisturizing Matte Liquid Lipstick,https://www.sephora.com/product/liquid-velvet-tm-moisturizing-matte-liquid-lipstick-P393859?icid2=products%20grid:p393859
lipstick,Charlotte Tilbury Hot Lips Lipstick Refills,https://www.sephora.com/product/charlotte-tilbury-hot-lips-lipstick-2-refills-P455206?icid2=products%20grid:p455206
lipstick,Perricone MD No Makeup Lipstick Broad Spectrum SPF 15,https://www.sephora.com/product/no-lipstick-lipstick-spf-15-P386606?icid2=products%20grid:p386606
lipstick,trèStiQue Matte Color & Shiny Balm Lip Crayon,https://www.sephora.com/product/matte-color-shiny-balm-lip-crayon-P416380?icid2=products%20grid:p416380
lipstick,surratt beauty Lipslique Lipstick,https://www.sephora.com/product/lipslique-P394178?icid2=products%20grid:p394178
lipstick,NUDESTIX Magnetic Matte Lip Color,https://www.sephora.com/product/magnetic-matte-lip-color-P416774?icid2=products%20grid:p416774
lipstick,NUDESTIX Nude Plumping Lip Glace,https://www.sephora.com/product/nude-plumping-lip-glace-P444920?icid2=products%20grid:p444920
lipstick,NARS Full Vinyl Lip Lacquer,https://www.sephora.com/product/orgasm-full-vinyl-lip-lacquer-P10246544?icid2=products%20grid:p10246544
lipstick,Natasha Denona Mark Your Liquid Lips Matte,https://www.sephora.com/product/mark-your-liquid-lips-P433899?icid2=products%20grid:p433899
lipstick,NUDESTIX Cream Lip + Cheek Pencil,https://www.sephora.com/product/lip-cheek-pencil-P388952?icid2=products%20grid:p388952
lipstick,Pretty Vulgar My Lips Are Sealed Liquid Lipstick,https://www.sephora.com/product/my-lips-are-sealed-liquid-lipstick-P419282?icid2=products%20grid:p419282
lipstick,rms beauty Wild With Desire Lipstick,https://www.sephora.com/product/wild-with-desire-lipstick-P426818?icid2=products%20grid:p426818
lipstick,Kilian Le Rouge Parfum Scented Satin Lipstick,https://www.sephora.com/product/le-rouge-parfum-scented-lipstick-P451124?icid2=products%20grid:p451124
lipstick,lilah b. Divine Duo™ Lip & Cheek,https://www.sephora.com/product/divine-duo-lip-cheek-P421444?icid2=products%20grid:p421444
lipstick,Natasha Denona Mark Your Liquid Lips Metallic,https://www.sephora.com/product/mark-your-liquid-lips-metallic-P445455?icid2=products%20grid:p445455
lipstick,KEVYN AUCOIN The Expert Lip Color Lipstick,https://www.sephora.com/product/the-expert-lip-color-P407709?icid2=products%20grid:p407709
lipstick,TOM FORD Lip Lacquer Luxe,https://www.sephora.com/product/lip-lacquer-luxe-P440969?icid2=products%20grid:p440969
lipstick,Givenchy Le Rouge Customized Refillable Lipstick Case,https://www.sephora.com/product/givenchy-le-rouge-customized-refillable-lipstick-case-P463627?icid2=products%20grid:p463627
lipstick,Armani Beauty Ecstasy Shine Lipstick,https://www.sephora.com/product/ecstasy-shine-P422804?icid2=products%20grid:p422804
lipstick,"Grande Cosmetics GrandeLIPSTICK Plumping Lipstick, Satin Finish",https://www.sephora.com/product/grandelips-satin-plumping-hydrating-lipstick-P446017?icid2=products%20grid:p446017
lipstick,surratt beauty La Baton Rouge Lipstick,https://www.sephora.com/product/la-baton-rouge-lipstick-P425734?icid2=products%20grid:p425734
lipstick,Laura Mercier Paint Wash Liquid Lip Color,https://www.sephora.com/product/paint-wash-liquid-lip-colour-P392431?icid2=products%20grid:p392431
lipstick,Guerlain KissKiss Creamy Satin Finish Lipstick,https://www.sephora.com/product/kisskiss-creamy-satin-finish-lipstick-P388222?icid2=products%20grid:p388222
lipstick,NUDESTIX Love is Louder Lip + Cheek Pencil,https://www.sephora.com/product/love-is-louder-lip-cheek-pencil-P407080?icid2=products%20grid:p407080
lipstick,Givenchy Le Rouge Customized Lipstick Refill,https://www.sephora.com/product/givenchy-le-rouge-customized-lipstick-refill-P463625?icid2=products%20grid:p463625
lipstick,Marc Jacobs Beauty Make Your Le Marc 3 Piece Mini Liquid Lip Crayon Set,https://www.sephora.com/product/make-your-le-marc-3-piece-mini-set-P433984?icid2=products%20grid:p433984
lipstick,Guerlain KissKiss Matte Lipstick,https://www.sephora.com/product/kisskiss-matte-P421798?icid2=products%20grid:p421798
lipstick,Black Up Matte Liquid Lipcolor,https://www.sephora.com/product/matte-liquid-lipcolor-P416363?icid2=products%20grid:p416363
lipstick,trèStiQue Prime + Color Lip Glaze,https://www.sephora.com/product/prime-color-lip-glaze-P431762?icid2=products%20grid:p431762
lipstick,LAWLESS Satin Luxe Classic Cream Lipstick - Baby,https://www.sephora.com/product/lawless-satin-luxe-classic-cream-lipstick-P464265?icid2=products%20grid:p464265
lipstick,Bobbi Brown Luxe Liquid Lip High Shine,https://www.sephora.com/product/luxe-liquid-lip-P436846?icid2=products%20grid:p436846
lipstick,Hourglass Femme Nude Lip Stylo,https://www.sephora.com/product/femme-nude-lip-stylo-P381207?icid2=products%20grid:p381207
lipstick,SEPHORA COLLECTION #Lipstories Pride,https://www.sephora.com/product/lipstores-pride-P443310?icid2=products%20grid:p443310
lipstick,INC.redible Listen Hard Girl Neon Lip Paint,https://www.sephora.com/product/neon-lip-paint-P431104?icid2=products%20grid:p431104
lipstick,DOMINIQUE COSMETICS Berries & Cream Liquid Lipstick,https://www.sephora.com/product/liquid-lipstick-P439946?icid2=products%20grid:p439946
lipstick,Ciaté London Liquid Chrome,https://www.sephora.com/product/liquid-chrome-P422514?icid2=products%20grid:p422514
lipstick,Artist Couture Caliente Silk Cream Lipstick,https://www.sephora.com/product/artist-couture-silk-cream-lipstick-P461423?icid2=products%20grid:p461423
lipstick,Black Up Lip Lacquer,https://www.sephora.com/product/lip-lacquer-P400894?skuId=1752831&icid2=products%20grid:p400894
lipstick,Aether Beauty Radiant Ruby Lip Crème,https://www.sephora.com/product/aether-beauty-radiant-ruby-lip-cr-me-P454769?icid2=products%20grid:p454769
lipstick,stila Convertible Color,https://www.sephora.com/product/convertible-color-P8426?skuId=353508&icid2=products%20grid:p8426
lipstick,Bite Beauty Cashmere Lip Cream,https://www.sephora.com/product/cashmere-lip-cream-P381730?icid2=products%20grid:p381730
lipstick,Kiehl's Since 1851 Butterstick Lip Treatment,https://www.sephora.com/product/butterstick-lip-treatment-P422273?icid2=products%20grid:p422273
lipstick,CLINIQUE Pop Liquid Matte Lip Colour + Primer,https://www.sephora.com/product/pop-liquid-matte-lip-colour-P411531?icid2=products%20grid:p411531
